time_step,datetime,soc
1,2024-01-01 00:00:00,1.05572809000084
2,2024-01-01 01:00:00,1.05572809000084
3,2024-01-01 02:00:00,1.05572809000084
4,2024-01-01 03:00:00,1.05572809000084
5,2024-01-01 04:00:00,1.05572809000084
6,2024-01-01 05:00:00,1.05572809000084
7,2024-01-01 06:00:00,1.05572809000084
8,2024-01-01 07:00:00,1.05572809000084
9,2024-01-01 08:00:00,1.05572809000084
10,2024-01-01 09:00:00,1.05572809000084
11,2024-01-01 10:00:00,1.05572809000084
12,2024-01-01 11:00:00,1.05572809000084
13,2024-01-01 12:00:00,1.05572809000084
14,2024-01-01 13:00:00,1.05572809000084
15,2024-01-01 14:00:00,1.05572809000084
16,2024-01-01 15:00:00,1.05572809000084
17,2024-01-01 16:00:00,1.05572809000084
18,2024-01-01 17:00:00,1.05572809000084
19,2024-01-01 18:00:00,1.05572809000084
20,2024-01-01 19:00:00,1.05572809000084
21,2024-01-01 20:00:00,1.05572809000084
22,2024-01-01 21:00:00,1.05572809000084
23,2024-01-01 22:00:00,1.05572809000084
24,2024-01-01 23:00:00,1.05572809000084
25,2024-01-02 00:00:00,1.05572809000084
26,2024-01-02 01:00:00,1.05572809000084
27,2024-01-02 02:00:00,1.05572809000084
28,2024-01-02 03:00:00,1.05572809000084
29,2024-01-02 04:00:00,1.05572809000084
30,2024-01-02 05:00:00,1.05572809000084
31,2024-01-02 06:00:00,1.05572809000084
32,2024-01-02 07:00:00,1.05572809000084
33,2024-01-02 08:00:00,1.05572809000084
34,2024-01-02 09:00:00,1.05572809000084
35,2024-01-02 10:00:00,1.05572809000084
36,2024-01-02 11:00:00,1.05572809000084
37,2024-01-02 12:00:00,1.05572809000084
38,2024-01-02 13:00:00,10.0
39,2024-01-02 14:00:00,10.0
40,2024-01-02 15:00:00,10.0
41,2024-01-02 16:00:00,1.05572809000084
42,2024-01-02 17:00:00,1.05572809000084
43,2024-01-02 18:00:00,1.05572809000084
44,2024-01-02 19:00:00,1.05572809000084
45,2024-01-02 20:00:00,1.05572809000084
46,2024-01-02 21:00:00,1.05572809000084
47,2024-01-02 22:00:00,1.05572809000084
48,2024-01-02 23:00:00,1.05572809000084
49,2024-01-03 00:00:00,1.05572809000084
50,2024-01-03 01:00:00,1.05572809000084
51,2024-01-03 02:00:00,1.05572809000084
52,2024-01-03 03:00:00,1.05572809000084
53,2024-01-03 04:00:00,1.05572809000084
54,2024-01-03 05:00:00,1.05572809000084
55,2024-01-03 06:00:00,1.05572809000084
56,2024-01-03 07:00:00,1.05572809000084
57,2024-01-03 08:00:00,1.05572809000084
58,2024-01-03 09:00:00,1.05572809000084
59,2024-01-03 10:00:00,1.05572809000084
60,2024-01-03 11:00:00,1.05572809000084
61,2024-01-03 12:00:00,1.05572809000084
62,2024-01-03 13:00:00,1.05572809000084
63,2024-01-03 14:00:00,1.05572809000084
64,2024-01-03 15:00:00,1.05572809000084
65,2024-01-03 16:00:00,1.05572809000084
66,2024-01-03 17:00:00,1.05572809000084
67,2024-01-03 18:00:00,1.05572809000084
68,2024-01-03 19:00:00,1.05572809000084
69,2024-01-03 20:00:00,1.05572809000084
70,2024-01-03 21:00:00,1.05572809000084
71,2024-01-03 22:00:00,1.05572809000084
72,2024-01-03 23:00:00,1.05572809000084
73,2024-01-04 00:00:00,1.05572809000084
74,2024-01-04 01:00:00,1.05572809000084
75,2024-01-04 02:00:00,1.05572809000084
76,2024-01-04 03:00:00,1.05572809000084
77,2024-01-04 04:00:00,1.05572809000084
78,2024-01-04 05:00:00,1.05572809000084
79,2024-01-04 06:00:00,0.0
80,2024-01-04 07:00:00,0.0
81,2024-01-04 08:00:00,0.0
82,2024-01-04 09:00:00,0.0
83,2024-01-04 10:00:00,0.0
84,2024-01-04 11:00:00,1.05572809000084
85,2024-01-04 12:00:00,1.05572809000084
86,2024-01-04 13:00:00,1.05572809000084
87,2024-01-04 14:00:00,10.0
88,2024-01-04 15:00:00,10.0
89,2024-01-04 16:00:00,1.05572809000084
90,2024-01-04 17:00:00,1.05572809000084
91,2024-01-04 18:00:00,1.05572809000084
92,2024-01-04 19:00:00,1.05572809000084
93,2024-01-04 20:00:00,1.05572809000084
94,2024-01-04 21:00:00,1.05572809000084
95,2024-01-04 22:00:00,1.05572809000084
96,2024-01-04 23:00:00,1.05572809000084
97,2024-01-05 00:00:00,1.05572809000084
98,2024-01-05 01:00:00,1.05572809000084
99,2024-01-05 02:00:00,1.05572809000084
100,2024-01-05 03:00:00,1.05572809000084
101,2024-01-05 04:00:00,1.05572809000084
102,2024-01-05 05:00:00,1.05572809000084
103,2024-01-05 06:00:00,0.0
104,2024-01-05 07:00:00,0.0
105,2024-01-05 08:00:00,0.0
106,2024-01-05 09:00:00,0.0
107,2024-01-05 10:00:00,0.0
108,2024-01-05 11:00:00,1.05572809000084
109,2024-01-05 12:00:00,1.05572809000084
110,2024-01-05 13:00:00,10.0
111,2024-01-05 14:00:00,10.0
112,2024-01-05 15:00:00,10.0
113,2024-01-05 16:00:00,1.05572809000084
114,2024-01-05 17:00:00,1.05572809000084
115,2024-01-05 18:00:00,1.05572809000084
116,2024-01-05 19:00:00,1.05572809000084
117,2024-01-05 20:00:00,1.05572809000084
118,2024-01-05 21:00:00,1.05572809000084
119,2024-01-05 22:00:00,1.05572809000084
120,2024-01-05 23:00:00,1.05572809000084
121,2024-01-06 00:00:00,1.05572809000084
122,2024-01-06 01:00:00,1.05572809000084
123,2024-01-06 02:00:00,1.05572809000084
124,2024-01-06 03:00:00,1.05572809000084
125,2024-01-06 04:00:00,1.05572809000084
126,2024-01-06 05:00:00,1.05572809000084
127,2024-01-06 06:00:00,0.0
128,2024-01-06 07:00:00,0.0
129,2024-01-06 08:00:00,0.0
130,2024-01-06 09:00:00,0.0
131,2024-01-06 10:00:00,1.05572809000084
132,2024-01-06 11:00:00,1.05572809000084
133,2024-01-06 12:00:00,1.05572809000084
134,2024-01-06 13:00:00,10.0
135,2024-01-06 14:00:00,10.0
136,2024-01-06 15:00:00,10.0
137,2024-01-06 16:00:00,1.05572809000084
138,2024-01-06 17:00:00,1.05572809000084
139,2024-01-06 18:00:00,1.05572809000084
140,2024-01-06 19:00:00,1.05572809000084
141,2024-01-06 20:00:00,1.05572809000084
142,2024-01-06 21:00:00,1.05572809000084
143,2024-01-06 22:00:00,1.05572809000084
144,2024-01-06 23:00:00,1.05572809000084
145,2024-01-07 00:00:00,1.05572809000084
146,2024-01-07 01:00:00,1.05572809000084
147,2024-01-07 02:00:00,1.05572809000084
148,2024-01-07 03:00:00,1.05572809000084
149,2024-01-07 04:00:00,1.05572809000084
150,2024-01-07 05:00:00,1.05572809000084
151,2024-01-07 06:00:00,0.0
152,2024-01-07 07:00:00,0.0
153,2024-01-07 08:00:00,0.0
154,2024-01-07 09:00:00,0.0
155,2024-01-07 10:00:00,0.0
156,2024-01-07 11:00:00,0.0
157,2024-01-07 12:00:00,1.05572809000084
158,2024-01-07 13:00:00,1.05572809000084
159,2024-01-07 14:00:00,10.0
160,2024-01-07 15:00:00,10.0
161,2024-01-07 16:00:00,1.05572809000084
162,2024-01-07 17:00:00,1.05572809000084
163,2024-01-07 18:00:00,1.05572809000084
164,2024-01-07 19:00:00,1.05572809000084
165,2024-01-07 20:00:00,1.05572809000084
166,2024-01-07 21:00:00,1.05572809000084
167,2024-01-07 22:00:00,1.05572809000084
168,2024-01-07 23:00:00,1.05572809000084
169,2024-01-08 00:00:00,1.05572809000084
170,2024-01-08 01:00:00,1.05572809000084
171,2024-01-08 02:00:00,1.05572809000084
172,2024-01-08 03:00:00,1.05572809000084
173,2024-01-08 04:00:00,1.05572809000084
174,2024-01-08 05:00:00,1.05572809000084
175,2024-01-08 06:00:00,0.0
176,2024-01-08 07:00:00,0.0
177,2024-01-08 08:00:00,0.0
178,2024-01-08 09:00:00,0.0
179,2024-01-08 10:00:00,1.05572809000084
180,2024-01-08 11:00:00,1.05572809000084
181,2024-01-08 12:00:00,1.05572809000084
182,2024-01-08 13:00:00,1.05572809000084
183,2024-01-08 14:00:00,10.0
184,2024-01-08 15:00:00,10.0
185,2024-01-08 16:00:00,1.05572809000084
186,2024-01-08 17:00:00,1.05572809000084
187,2024-01-08 18:00:00,1.05572809000084
188,2024-01-08 19:00:00,1.05572809000084
189,2024-01-08 20:00:00,1.05572809000084
190,2024-01-08 21:00:00,1.05572809000084
191,2024-01-08 22:00:00,1.05572809000084
192,2024-01-08 23:00:00,1.05572809000084
193,2024-01-09 00:00:00,1.05572809000084
194,2024-01-09 01:00:00,1.05572809000084
195,2024-01-09 02:00:00,1.05572809000084
196,2024-01-09 03:00:00,1.05572809000084
197,2024-01-09 04:00:00,1.05572809000084
198,2024-01-09 05:00:00,1.05572809000084
199,2024-01-09 06:00:00,0.0
200,2024-01-09 07:00:00,0.0
201,2024-01-09 08:00:00,0.0
202,2024-01-09 09:00:00,0.0
203,2024-01-09 10:00:00,0.0
204,2024-01-09 11:00:00,0.0
205,2024-01-09 12:00:00,0.0
206,2024-01-09 13:00:00,1.05572809000084
207,2024-01-09 14:00:00,10.0
208,2024-01-09 15:00:00,10.0
209,2024-01-09 16:00:00,1.05572809000084
210,2024-01-09 17:00:00,1.05572809000084
211,2024-01-09 18:00:00,1.05572809000084
212,2024-01-09 19:00:00,1.05572809000084
213,2024-01-09 20:00:00,1.05572809000084
214,2024-01-09 21:00:00,1.05572809000084
215,2024-01-09 22:00:00,1.05572809000084
216,2024-01-09 23:00:00,1.05572809000084
217,2024-01-10 00:00:00,1.05572809000084
218,2024-01-10 01:00:00,1.05572809000084
219,2024-01-10 02:00:00,1.05572809000084
220,2024-01-10 03:00:00,1.05572809000084
221,2024-01-10 04:00:00,1.05572809000084
222,2024-01-10 05:00:00,1.05572809000084
223,2024-01-10 06:00:00,0.0
224,2024-01-10 07:00:00,0.0
225,2024-01-10 08:00:00,0.0
226,2024-01-10 09:00:00,0.0
227,2024-01-10 10:00:00,0.0
228,2024-01-10 11:00:00,0.0
229,2024-01-10 12:00:00,0.0
230,2024-01-10 13:00:00,1.05572809000084
231,2024-01-10 14:00:00,10.0
232,2024-01-10 15:00:00,10.0
233,2024-01-10 16:00:00,1.05572809000084
234,2024-01-10 17:00:00,1.05572809000084
235,2024-01-10 18:00:00,1.05572809000084
236,2024-01-10 19:00:00,1.05572809000084
237,2024-01-10 20:00:00,1.05572809000084
238,2024-01-10 21:00:00,1.05572809000084
239,2024-01-10 22:00:00,1.05572809000084
240,2024-01-10 23:00:00,1.05572809000084
241,2024-01-11 00:00:00,1.05572809000084
242,2024-01-11 01:00:00,1.05572809000084
243,2024-01-11 02:00:00,1.05572809000084
244,2024-01-11 03:00:00,1.05572809000084
245,2024-01-11 04:00:00,1.05572809000084
246,2024-01-11 05:00:00,1.05572809000084
247,2024-01-11 06:00:00,1.05572809000084
248,2024-01-11 07:00:00,1.05572809000084
249,2024-01-11 08:00:00,1.05572809000084
250,2024-01-11 09:00:00,1.05572809000084
251,2024-01-11 10:00:00,1.05572809000084
252,2024-01-11 11:00:00,1.05572809000084
253,2024-01-11 12:00:00,1.05572809000084
254,2024-01-11 13:00:00,1.05572809000084
255,2024-01-11 14:00:00,10.0
256,2024-01-11 15:00:00,10.0
257,2024-01-11 16:00:00,3.72677996249965
258,2024-01-11 17:00:00,3.72677996249965
259,2024-01-11 18:00:00,3.72677996249965
260,2024-01-11 19:00:00,3.72677996249965
261,2024-01-11 20:00:00,3.72677996249965
262,2024-01-11 21:00:00,1.05572809000084
263,2024-01-11 22:00:00,1.05572809000084
264,2024-01-11 23:00:00,1.05572809000084
265,2024-01-12 00:00:00,1.05572809000084
266,2024-01-12 01:00:00,1.05572809000084
267,2024-01-12 02:00:00,1.05572809000084
268,2024-01-12 03:00:00,1.05572809000084
269,2024-01-12 04:00:00,1.05572809000084
270,2024-01-12 05:00:00,1.05572809000084
271,2024-01-12 06:00:00,0.0
272,2024-01-12 07:00:00,0.0
273,2024-01-12 08:00:00,0.0
274,2024-01-12 09:00:00,0.0
275,2024-01-12 10:00:00,0.0
276,2024-01-12 11:00:00,1.05572809000084
277,2024-01-12 12:00:00,1.05572809000084
278,2024-01-12 13:00:00,1.05572809000084
279,2024-01-12 14:00:00,10.0
280,2024-01-12 15:00:00,10.0
281,2024-01-12 16:00:00,3.72677996249965
282,2024-01-12 17:00:00,3.72677996249965
283,2024-01-12 18:00:00,3.72677996249965
284,2024-01-12 19:00:00,3.72677996249965
285,2024-01-12 20:00:00,3.72677996249965
286,2024-01-12 21:00:00,3.72677996249965
287,2024-01-12 22:00:00,3.72677996249965
288,2024-01-12 23:00:00,10.0
289,2024-01-13 00:00:00,1.05572809000084
290,2024-01-13 01:00:00,1.05572809000084
291,2024-01-13 02:00:00,1.05572809000084
292,2024-01-13 03:00:00,1.05572809000084
293,2024-01-13 04:00:00,1.05572809000084
294,2024-01-13 05:00:00,1.05572809000084
295,2024-01-13 06:00:00,0.0
296,2024-01-13 07:00:00,0.0
297,2024-01-13 08:00:00,0.0
298,2024-01-13 09:00:00,0.0
299,2024-01-13 10:00:00,1.05572809000084
300,2024-01-13 11:00:00,1.05572809000084
301,2024-01-13 12:00:00,1.05572809000084
302,2024-01-13 13:00:00,1.05572809000084
303,2024-01-13 14:00:00,10.0
304,2024-01-13 15:00:00,10.0
305,2024-01-13 16:00:00,7.4535599249993
306,2024-01-13 17:00:00,3.72677996249965
307,2024-01-13 18:00:00,3.72677996249965
308,2024-01-13 19:00:00,1.05572809000084
309,2024-01-13 20:00:00,1.05572809000084
310,2024-01-13 21:00:00,1.05572809000084
311,2024-01-13 22:00:00,1.05572809000084
312,2024-01-13 23:00:00,1.05572809000084
313,2024-01-14 00:00:00,1.05572809000084
314,2024-01-14 01:00:00,1.05572809000084
315,2024-01-14 02:00:00,1.05572809000084
316,2024-01-14 03:00:00,1.05572809000084
317,2024-01-14 04:00:00,1.05572809000084
318,2024-01-14 05:00:00,1.05572809000084
319,2024-01-14 06:00:00,0.0
320,2024-01-14 07:00:00,0.0
321,2024-01-14 08:00:00,0.0
322,2024-01-14 09:00:00,1.05572809000084
323,2024-01-14 10:00:00,1.05572809000084
324,2024-01-14 11:00:00,1.05572809000084
325,2024-01-14 12:00:00,1.05572809000084
326,2024-01-14 13:00:00,10.0
327,2024-01-14 14:00:00,10.0
328,2024-01-14 15:00:00,10.0
329,2024-01-14 16:00:00,10.0
330,2024-01-14 17:00:00,3.72677996249965
331,2024-01-14 18:00:00,3.72677996249965
332,2024-01-14 19:00:00,3.72677996249965
333,2024-01-14 20:00:00,3.72677996249965
334,2024-01-14 21:00:00,3.72677996249965
335,2024-01-14 22:00:00,3.72677996249965
336,2024-01-14 23:00:00,3.72677996249965
337,2024-01-15 00:00:00,1.05572809000084
338,2024-01-15 01:00:00,1.05572809000084
339,2024-01-15 02:00:00,1.05572809000084
340,2024-01-15 03:00:00,1.05572809000084
341,2024-01-15 04:00:00,1.05572809000084
342,2024-01-15 05:00:00,1.05572809000084
343,2024-01-15 06:00:00,1.05572809000084
344,2024-01-15 07:00:00,0.0
345,2024-01-15 08:00:00,0.0
346,2024-01-15 09:00:00,0.0
347,2024-01-15 10:00:00,0.0
348,2024-01-15 11:00:00,1.05572809000084
349,2024-01-15 12:00:00,1.05572809000084
350,2024-01-15 13:00:00,1.05572809000084
351,2024-01-15 14:00:00,10.0
352,2024-01-15 15:00:00,10.0
353,2024-01-15 16:00:00,3.72677996249965
354,2024-01-15 17:00:00,3.72677996249965
355,2024-01-15 18:00:00,3.72677996249965
356,2024-01-15 19:00:00,3.72677996249965
357,2024-01-15 20:00:00,3.72677996249965
358,2024-01-15 21:00:00,3.72677996249965
359,2024-01-15 22:00:00,1.05572809000084
360,2024-01-15 23:00:00,1.05572809000084
361,2024-01-16 00:00:00,1.05572809000084
362,2024-01-16 01:00:00,1.05572809000084
363,2024-01-16 02:00:00,1.05572809000084
364,2024-01-16 03:00:00,1.05572809000084
365,2024-01-16 04:00:00,1.05572809000084
366,2024-01-16 05:00:00,1.05572809000084
367,2024-01-16 06:00:00,0.0
368,2024-01-16 07:00:00,0.0
369,2024-01-16 08:00:00,0.0
370,2024-01-16 09:00:00,0.0
371,2024-01-16 10:00:00,1.05572809000084
372,2024-01-16 11:00:00,1.05572809000084
373,2024-01-16 12:00:00,1.05572809000084
374,2024-01-16 13:00:00,10.0
375,2024-01-16 14:00:00,10.0
376,2024-01-16 15:00:00,10.0
377,2024-01-16 16:00:00,10.0
378,2024-01-16 17:00:00,3.72677996249965
379,2024-01-16 18:00:00,3.72677996249965
380,2024-01-16 19:00:00,3.72677996249965
381,2024-01-16 20:00:00,3.72677996249965
382,2024-01-16 21:00:00,1.05572809000084
383,2024-01-16 22:00:00,1.05572809000084
384,2024-01-16 23:00:00,0.0
385,2024-01-17 00:00:00,0.0
386,2024-01-17 01:00:00,0.0
387,2024-01-17 02:00:00,0.0
388,2024-01-17 03:00:00,0.0
389,2024-01-17 04:00:00,0.0
390,2024-01-17 05:00:00,0.0
391,2024-01-17 06:00:00,0.0
392,2024-01-17 07:00:00,0.0
393,2024-01-17 08:00:00,0.0
394,2024-01-17 09:00:00,0.0
395,2024-01-17 10:00:00,0.0
396,2024-01-17 11:00:00,0.0
397,2024-01-17 12:00:00,1.05572809000084
398,2024-01-17 13:00:00,5.59016994374947
399,2024-01-17 14:00:00,10.0
400,2024-01-17 15:00:00,10.0
401,2024-01-17 16:00:00,3.72677996249965
402,2024-01-17 17:00:00,3.72677996249965
403,2024-01-17 18:00:00,3.72677996249965
404,2024-01-17 19:00:00,3.72677996249965
405,2024-01-17 20:00:00,3.72677996249965
406,2024-01-17 21:00:00,3.72677996249965
407,2024-01-17 22:00:00,1.05572809000084
408,2024-01-17 23:00:00,1.05572809000084
409,2024-01-18 00:00:00,1.05572809000084
410,2024-01-18 01:00:00,1.05572809000084
411,2024-01-18 02:00:00,1.05572809000084
412,2024-01-18 03:00:00,1.05572809000084
413,2024-01-18 04:00:00,1.05572809000084
414,2024-01-18 05:00:00,1.05572809000084
415,2024-01-18 06:00:00,0.0
416,2024-01-18 07:00:00,0.0
417,2024-01-18 08:00:00,0.0
418,2024-01-18 09:00:00,0.0
419,2024-01-18 10:00:00,0.0
420,2024-01-18 11:00:00,1.05572809000084
421,2024-01-18 12:00:00,1.05572809000084
422,2024-01-18 13:00:00,1.05572809000084
423,2024-01-18 14:00:00,10.0
424,2024-01-18 15:00:00,10.0
425,2024-01-18 16:00:00,3.72677996249965
426,2024-01-18 17:00:00,3.72677996249965
427,2024-01-18 18:00:00,3.72677996249965
428,2024-01-18 19:00:00,3.72677996249965
429,2024-01-18 20:00:00,3.72677996249965
430,2024-01-18 21:00:00,1.05572809000084
431,2024-01-18 22:00:00,1.05572809000084
432,2024-01-18 23:00:00,1.05572809000084
433,2024-01-19 00:00:00,1.05572809000084
434,2024-01-19 01:00:00,1.05572809000084
435,2024-01-19 02:00:00,1.05572809000084
436,2024-01-19 03:00:00,1.05572809000084
437,2024-01-19 04:00:00,1.05572809000084
438,2024-01-19 05:00:00,1.05572809000084
439,2024-01-19 06:00:00,1.05572809000084
440,2024-01-19 07:00:00,1.05572809000084
441,2024-01-19 08:00:00,1.05572809000084
442,2024-01-19 09:00:00,1.05572809000084
443,2024-01-19 10:00:00,1.05572809000084
444,2024-01-19 11:00:00,1.05572809000084
445,2024-01-19 12:00:00,1.05572809000084
446,2024-01-19 13:00:00,1.05572809000084
447,2024-01-19 14:00:00,1.05572809000084
448,2024-01-19 15:00:00,1.05572809000084
449,2024-01-19 16:00:00,1.05572809000084
450,2024-01-19 17:00:00,1.05572809000084
451,2024-01-19 18:00:00,1.05572809000084
452,2024-01-19 19:00:00,1.05572809000084
453,2024-01-19 20:00:00,1.05572809000084
454,2024-01-19 21:00:00,1.05572809000084
455,2024-01-19 22:00:00,1.05572809000084
456,2024-01-19 23:00:00,1.05572809000084
457,2024-01-20 00:00:00,1.05572809000084
458,2024-01-20 01:00:00,1.05572809000084
459,2024-01-20 02:00:00,1.05572809000084
460,2024-01-20 03:00:00,1.05572809000084
461,2024-01-20 04:00:00,1.05572809000084
462,2024-01-20 05:00:00,1.05572809000084
463,2024-01-20 06:00:00,1.05572809000084
464,2024-01-20 07:00:00,1.05572809000084
465,2024-01-20 08:00:00,1.05572809000084
466,2024-01-20 09:00:00,1.05572809000084
467,2024-01-20 10:00:00,1.05572809000084
468,2024-01-20 11:00:00,1.05572809000084
469,2024-01-20 12:00:00,1.05572809000084
470,2024-01-20 13:00:00,1.05572809000084
471,2024-01-20 14:00:00,1.05572809000084
472,2024-01-20 15:00:00,1.05572809000084
473,2024-01-20 16:00:00,1.05572809000084
474,2024-01-20 17:00:00,1.05572809000084
475,2024-01-20 18:00:00,1.05572809000084
476,2024-01-20 19:00:00,1.05572809000084
477,2024-01-20 20:00:00,1.05572809000084
478,2024-01-20 21:00:00,1.05572809000084
479,2024-01-20 22:00:00,1.05572809000084
480,2024-01-20 23:00:00,1.05572809000084
481,2024-01-21 00:00:00,1.05572809000084
482,2024-01-21 01:00:00,1.05572809000084
483,2024-01-21 02:00:00,1.05572809000084
484,2024-01-21 03:00:00,1.05572809000084
485,2024-01-21 04:00:00,1.05572809000084
486,2024-01-21 05:00:00,1.05572809000084
487,2024-01-21 06:00:00,1.05572809000084
488,2024-01-21 07:00:00,1.05572809000084
489,2024-01-21 08:00:00,1.05572809000084
490,2024-01-21 09:00:00,1.05572809000084
491,2024-01-21 10:00:00,1.05572809000084
492,2024-01-21 11:00:00,1.05572809000084
493,2024-01-21 12:00:00,1.05572809000084
494,2024-01-21 13:00:00,1.05572809000084
495,2024-01-21 14:00:00,1.05572809000084
496,2024-01-21 15:00:00,3.72677996249965
497,2024-01-21 16:00:00,3.72677996249965
498,2024-01-21 17:00:00,3.72677996249965
499,2024-01-21 18:00:00,3.72677996249965
500,2024-01-21 19:00:00,3.72677996249965
501,2024-01-21 20:00:00,3.72677996249965
502,2024-01-21 21:00:00,3.72677996249965
503,2024-01-21 22:00:00,1.05572809000084
504,2024-01-21 23:00:00,1.05572809000084
505,2024-01-22 00:00:00,1.05572809000084
506,2024-01-22 01:00:00,1.05572809000084
507,2024-01-22 02:00:00,1.05572809000084
508,2024-01-22 03:00:00,1.05572809000084
509,2024-01-22 04:00:00,1.05572809000084
510,2024-01-22 05:00:00,1.05572809000084
511,2024-01-22 06:00:00,1.05572809000084
512,2024-01-22 07:00:00,1.05572809000084
513,2024-01-22 08:00:00,1.05572809000084
514,2024-01-22 09:00:00,1.05572809000084
515,2024-01-22 10:00:00,1.05572809000084
516,2024-01-22 11:00:00,1.05572809000084
517,2024-01-22 12:00:00,1.05572809000084
518,2024-01-22 13:00:00,1.05572809000084
519,2024-01-22 14:00:00,1.05572809000084
520,2024-01-22 15:00:00,1.05572809000084
521,2024-01-22 16:00:00,1.05572809000084
522,2024-01-22 17:00:00,1.05572809000084
523,2024-01-22 18:00:00,1.05572809000084
524,2024-01-22 19:00:00,1.05572809000084
525,2024-01-22 20:00:00,1.05572809000084
526,2024-01-22 21:00:00,1.05572809000084
527,2024-01-22 22:00:00,1.05572809000084
528,2024-01-22 23:00:00,1.05572809000084
529,2024-01-23 00:00:00,1.05572809000084
530,2024-01-23 01:00:00,1.05572809000084
531,2024-01-23 02:00:00,1.05572809000084
532,2024-01-23 03:00:00,1.05572809000084
533,2024-01-23 04:00:00,1.05572809000084
534,2024-01-23 05:00:00,1.05572809000084
535,2024-01-23 06:00:00,1.05572809000084
536,2024-01-23 07:00:00,1.05572809000084
537,2024-01-23 08:00:00,1.05572809000084
538,2024-01-23 09:00:00,1.05572809000084
539,2024-01-23 10:00:00,1.05572809000084
540,2024-01-23 11:00:00,1.05572809000084
541,2024-01-23 12:00:00,1.05572809000084
542,2024-01-23 13:00:00,1.05572809000084
543,2024-01-23 14:00:00,1.05572809000084
544,2024-01-23 15:00:00,1.05572809000084
545,2024-01-23 16:00:00,1.05572809000084
546,2024-01-23 17:00:00,1.05572809000084
547,2024-01-23 18:00:00,1.05572809000084
548,2024-01-23 19:00:00,1.05572809000084
549,2024-01-23 20:00:00,1.05572809000084
550,2024-01-23 21:00:00,1.05572809000084
551,2024-01-23 22:00:00,1.05572809000084
552,2024-01-23 23:00:00,1.05572809000084
553,2024-01-24 00:00:00,1.05572809000084
554,2024-01-24 01:00:00,1.05572809000084
555,2024-01-24 02:00:00,1.05572809000084
556,2024-01-24 03:00:00,1.05572809000084
557,2024-01-24 04:00:00,1.05572809000084
558,2024-01-24 05:00:00,1.05572809000084
559,2024-01-24 06:00:00,1.05572809000084
560,2024-01-24 07:00:00,1.05572809000084
561,2024-01-24 08:00:00,1.05572809000084
562,2024-01-24 09:00:00,1.05572809000084
563,2024-01-24 10:00:00,1.05572809000084
564,2024-01-24 11:00:00,1.05572809000084
565,2024-01-24 12:00:00,1.05572809000084
566,2024-01-24 13:00:00,1.05572809000084
567,2024-01-24 14:00:00,1.05572809000084
568,2024-01-24 15:00:00,1.05572809000084
569,2024-01-24 16:00:00,1.05572809000084
570,2024-01-24 17:00:00,1.05572809000084
571,2024-01-24 18:00:00,1.05572809000084
572,2024-01-24 19:00:00,1.05572809000084
573,2024-01-24 20:00:00,1.05572809000084
574,2024-01-24 21:00:00,1.05572809000084
575,2024-01-24 22:00:00,1.05572809000084
576,2024-01-24 23:00:00,1.05572809000084
577,2024-01-25 00:00:00,1.05572809000084
578,2024-01-25 01:00:00,1.05572809000084
579,2024-01-25 02:00:00,1.05572809000084
580,2024-01-25 03:00:00,1.05572809000084
581,2024-01-25 04:00:00,1.05572809000084
582,2024-01-25 05:00:00,1.05572809000084
583,2024-01-25 06:00:00,1.05572809000084
584,2024-01-25 07:00:00,1.05572809000084
585,2024-01-25 08:00:00,1.05572809000084
586,2024-01-25 09:00:00,1.05572809000084
587,2024-01-25 10:00:00,1.05572809000084
588,2024-01-25 11:00:00,1.05572809000084
589,2024-01-25 12:00:00,1.05572809000084
590,2024-01-25 13:00:00,1.05572809000084
591,2024-01-25 14:00:00,1.05572809000084
592,2024-01-25 15:00:00,1.05572809000084
593,2024-01-25 16:00:00,1.05572809000084
594,2024-01-25 17:00:00,1.05572809000084
595,2024-01-25 18:00:00,1.05572809000084
596,2024-01-25 19:00:00,1.05572809000084
597,2024-01-25 20:00:00,1.05572809000084
598,2024-01-25 21:00:00,1.05572809000084
599,2024-01-25 22:00:00,1.05572809000084
600,2024-01-25 23:00:00,1.05572809000084
601,2024-01-26 00:00:00,1.05572809000084
602,2024-01-26 01:00:00,1.05572809000084
603,2024-01-26 02:00:00,1.05572809000084
604,2024-01-26 03:00:00,1.05572809000084
605,2024-01-26 04:00:00,1.05572809000084
606,2024-01-26 05:00:00,1.05572809000084
607,2024-01-26 06:00:00,1.05572809000084
608,2024-01-26 07:00:00,1.05572809000084
609,2024-01-26 08:00:00,1.05572809000084
610,2024-01-26 09:00:00,1.05572809000084
611,2024-01-26 10:00:00,1.05572809000084
612,2024-01-26 11:00:00,1.05572809000084
613,2024-01-26 12:00:00,1.05572809000084
614,2024-01-26 13:00:00,1.05572809000084
615,2024-01-26 14:00:00,3.72677996249965
616,2024-01-26 15:00:00,3.72677996249965
617,2024-01-26 16:00:00,1.05572809000084
618,2024-01-26 17:00:00,1.05572809000084
619,2024-01-26 18:00:00,1.05572809000084
620,2024-01-26 19:00:00,1.05572809000084
621,2024-01-26 20:00:00,1.05572809000084
622,2024-01-26 21:00:00,1.05572809000084
623,2024-01-26 22:00:00,1.05572809000084
624,2024-01-26 23:00:00,1.05572809000084
625,2024-01-27 00:00:00,1.05572809000084
626,2024-01-27 01:00:00,1.05572809000084
627,2024-01-27 02:00:00,1.05572809000084
628,2024-01-27 03:00:00,1.05572809000084
629,2024-01-27 04:00:00,1.05572809000084
630,2024-01-27 05:00:00,1.05572809000084
631,2024-01-27 06:00:00,0.0
632,2024-01-27 07:00:00,0.0
633,2024-01-27 08:00:00,0.0
634,2024-01-27 09:00:00,0.0
635,2024-01-27 10:00:00,1.05572809000084
636,2024-01-27 11:00:00,1.05572809000084
637,2024-01-27 12:00:00,1.05572809000084
638,2024-01-27 13:00:00,1.05572809000084
639,2024-01-27 14:00:00,10.0
640,2024-01-27 15:00:00,10.0
641,2024-01-27 16:00:00,1.05572809000084
642,2024-01-27 17:00:00,1.05572809000084
643,2024-01-27 18:00:00,1.05572809000084
644,2024-01-27 19:00:00,1.05572809000084
645,2024-01-27 20:00:00,1.05572809000084
646,2024-01-27 21:00:00,1.05572809000084
647,2024-01-27 22:00:00,1.05572809000084
648,2024-01-27 23:00:00,1.05572809000084
649,2024-01-28 00:00:00,1.05572809000084
650,2024-01-28 01:00:00,1.05572809000084
651,2024-01-28 02:00:00,1.05572809000084
652,2024-01-28 03:00:00,1.05572809000084
653,2024-01-28 04:00:00,1.05572809000084
654,2024-01-28 05:00:00,1.05572809000084
655,2024-01-28 06:00:00,1.05572809000084
656,2024-01-28 07:00:00,1.05572809000084
657,2024-01-28 08:00:00,1.05572809000084
658,2024-01-28 09:00:00,1.05572809000084
659,2024-01-28 10:00:00,1.05572809000084
660,2024-01-28 11:00:00,1.05572809000084
661,2024-01-28 12:00:00,1.05572809000084
662,2024-01-28 13:00:00,1.05572809000084
663,2024-01-28 14:00:00,1.05572809000084
664,2024-01-28 15:00:00,1.05572809000084
665,2024-01-28 16:00:00,1.05572809000084
666,2024-01-28 17:00:00,1.05572809000084
667,2024-01-28 18:00:00,1.05572809000084
668,2024-01-28 19:00:00,1.05572809000084
669,2024-01-28 20:00:00,1.05572809000084
670,2024-01-28 21:00:00,1.05572809000084
671,2024-01-28 22:00:00,1.05572809000084
672,2024-01-28 23:00:00,1.05572809000084
673,2024-01-29 00:00:00,1.05572809000084
674,2024-01-29 01:00:00,1.05572809000084
675,2024-01-29 02:00:00,1.05572809000084
676,2024-01-29 03:00:00,1.05572809000084
677,2024-01-29 04:00:00,1.05572809000084
678,2024-01-29 05:00:00,1.05572809000084
679,2024-01-29 06:00:00,1.05572809000084
680,2024-01-29 07:00:00,1.05572809000084
681,2024-01-29 08:00:00,1.05572809000084
682,2024-01-29 09:00:00,1.05572809000084
683,2024-01-29 10:00:00,1.05572809000084
684,2024-01-29 11:00:00,1.05572809000084
685,2024-01-29 12:00:00,1.05572809000084
686,2024-01-29 13:00:00,3.72677996249965
687,2024-01-29 14:00:00,3.72677996249965
688,2024-01-29 15:00:00,3.72677996249965
689,2024-01-29 16:00:00,1.05572809000084
690,2024-01-29 17:00:00,1.05572809000084
691,2024-01-29 18:00:00,1.05572809000084
692,2024-01-29 19:00:00,1.05572809000084
693,2024-01-29 20:00:00,1.05572809000084
694,2024-01-29 21:00:00,1.05572809000084
695,2024-01-29 22:00:00,1.05572809000084
696,2024-01-29 23:00:00,1.05572809000084
697,2024-01-30 00:00:00,1.05572809000084
698,2024-01-30 01:00:00,1.05572809000084
699,2024-01-30 02:00:00,1.05572809000084
700,2024-01-30 03:00:00,1.05572809000084
701,2024-01-30 04:00:00,1.05572809000084
702,2024-01-30 05:00:00,1.05572809000084
703,2024-01-30 06:00:00,0.0
704,2024-01-30 07:00:00,0.0
705,2024-01-30 08:00:00,0.0
706,2024-01-30 09:00:00,0.0
707,2024-01-30 10:00:00,1.05572809000084
708,2024-01-30 11:00:00,1.05572809000084
709,2024-01-30 12:00:00,1.05572809000084
710,2024-01-30 13:00:00,1.05572809000084
711,2024-01-30 14:00:00,10.0
712,2024-01-30 15:00:00,10.0
713,2024-01-30 16:00:00,1.05572809000084
714,2024-01-30 17:00:00,1.05572809000084
715,2024-01-30 18:00:00,1.05572809000084
716,2024-01-30 19:00:00,1.05572809000084
717,2024-01-30 20:00:00,1.05572809000084
718,2024-01-30 21:00:00,1.05572809000084
719,2024-01-30 22:00:00,1.05572809000084
720,2024-01-30 23:00:00,1.05572809000084
721,2024-01-31 00:00:00,1.05572809000084
722,2024-01-31 01:00:00,1.05572809000084
723,2024-01-31 02:00:00,1.05572809000084
724,2024-01-31 03:00:00,1.05572809000084
725,2024-01-31 04:00:00,1.05572809000084
726,2024-01-31 05:00:00,1.05572809000084
727,2024-01-31 06:00:00,1.05572809000084
728,2024-01-31 07:00:00,1.05572809000084
729,2024-01-31 08:00:00,1.05572809000084
730,2024-01-31 09:00:00,1.05572809000084
731,2024-01-31 10:00:00,1.05572809000084
732,2024-01-31 11:00:00,1.05572809000084
733,2024-01-31 12:00:00,1.05572809000084
734,2024-01-31 13:00:00,1.05572809000084
735,2024-01-31 14:00:00,1.05572809000084
736,2024-01-31 15:00:00,1.05572809000084
737,2024-01-31 16:00:00,1.05572809000084
738,2024-01-31 17:00:00,1.05572809000084
739,2024-01-31 18:00:00,1.05572809000084
740,2024-01-31 19:00:00,1.05572809000084
741,2024-01-31 20:00:00,1.05572809000084
742,2024-01-31 21:00:00,1.05572809000084
743,2024-01-31 22:00:00,1.05572809000084
744,2024-01-31 23:00:00,1.05572809000084
745,2024-02-01 00:00:00,1.05572809000084
746,2024-02-01 01:00:00,1.05572809000084
747,2024-02-01 02:00:00,1.05572809000084
748,2024-02-01 03:00:00,1.05572809000084
749,2024-02-01 04:00:00,1.05572809000084
750,2024-02-01 05:00:00,1.05572809000084
751,2024-02-01 06:00:00,1.05572809000084
752,2024-02-01 07:00:00,1.05572809000084
753,2024-02-01 08:00:00,1.05572809000084
754,2024-02-01 09:00:00,1.05572809000084
755,2024-02-01 10:00:00,1.05572809000084
756,2024-02-01 11:00:00,1.05572809000084
757,2024-02-01 12:00:00,1.05572809000084
758,2024-02-01 13:00:00,1.05572809000084
759,2024-02-01 14:00:00,1.05572809000084
760,2024-02-01 15:00:00,1.05572809000084
761,2024-02-01 16:00:00,1.05572809000084
762,2024-02-01 17:00:00,1.05572809000084
763,2024-02-01 18:00:00,1.05572809000084
764,2024-02-01 19:00:00,1.05572809000084
765,2024-02-01 20:00:00,1.05572809000084
766,2024-02-01 21:00:00,1.05572809000084
767,2024-02-01 22:00:00,1.05572809000084
768,2024-02-01 23:00:00,1.05572809000084
769,2024-02-02 00:00:00,1.05572809000084
770,2024-02-02 01:00:00,1.05572809000084
771,2024-02-02 02:00:00,1.05572809000084
772,2024-02-02 03:00:00,1.05572809000084
773,2024-02-02 04:00:00,1.05572809000084
774,2024-02-02 05:00:00,1.05572809000084
775,2024-02-02 06:00:00,1.05572809000084
776,2024-02-02 07:00:00,1.05572809000084
777,2024-02-02 08:00:00,1.05572809000084
778,2024-02-02 09:00:00,1.05572809000084
779,2024-02-02 10:00:00,1.05572809000084
780,2024-02-02 11:00:00,1.05572809000084
781,2024-02-02 12:00:00,1.05572809000084
782,2024-02-02 13:00:00,1.05572809000084
783,2024-02-02 14:00:00,1.05572809000084
784,2024-02-02 15:00:00,1.05572809000084
785,2024-02-02 16:00:00,1.05572809000084
786,2024-02-02 17:00:00,1.05572809000084
787,2024-02-02 18:00:00,1.05572809000084
788,2024-02-02 19:00:00,1.05572809000084
789,2024-02-02 20:00:00,1.05572809000084
790,2024-02-02 21:00:00,1.05572809000084
791,2024-02-02 22:00:00,1.05572809000084
792,2024-02-02 23:00:00,1.05572809000084
793,2024-02-03 00:00:00,1.05572809000084
794,2024-02-03 01:00:00,1.05572809000084
795,2024-02-03 02:00:00,1.05572809000084
796,2024-02-03 03:00:00,1.05572809000084
797,2024-02-03 04:00:00,1.05572809000084
798,2024-02-03 05:00:00,1.05572809000084
799,2024-02-03 06:00:00,1.05572809000084
800,2024-02-03 07:00:00,0.0
801,2024-02-03 08:00:00,1.05572809000084
802,2024-02-03 09:00:00,1.05572809000084
803,2024-02-03 10:00:00,1.05572809000084
804,2024-02-03 11:00:00,1.05572809000084
805,2024-02-03 12:00:00,1.05572809000084
806,2024-02-03 13:00:00,1.05572809000084
807,2024-02-03 14:00:00,5.59016994374947
808,2024-02-03 15:00:00,1.05572809000084
809,2024-02-03 16:00:00,1.05572809000084
810,2024-02-03 17:00:00,1.05572809000084
811,2024-02-03 18:00:00,1.05572809000084
812,2024-02-03 19:00:00,1.05572809000084
813,2024-02-03 20:00:00,1.05572809000084
814,2024-02-03 21:00:00,1.05572809000084
815,2024-02-03 22:00:00,1.05572809000084
816,2024-02-03 23:00:00,1.05572809000084
817,2024-02-04 00:00:00,1.05572809000084
818,2024-02-04 01:00:00,1.05572809000084
819,2024-02-04 02:00:00,1.05572809000084
820,2024-02-04 03:00:00,1.05572809000084
821,2024-02-04 04:00:00,1.05572809000084
822,2024-02-04 05:00:00,1.05572809000084
823,2024-02-04 06:00:00,1.05572809000084
824,2024-02-04 07:00:00,1.05572809000084
825,2024-02-04 08:00:00,1.05572809000084
826,2024-02-04 09:00:00,1.05572809000084
827,2024-02-04 10:00:00,1.05572809000084
828,2024-02-04 11:00:00,1.05572809000084
829,2024-02-04 12:00:00,1.05572809000084
830,2024-02-04 13:00:00,1.05572809000084
831,2024-02-04 14:00:00,1.05572809000084
832,2024-02-04 15:00:00,1.05572809000084
833,2024-02-04 16:00:00,1.05572809000084
834,2024-02-04 17:00:00,1.05572809000084
835,2024-02-04 18:00:00,1.05572809000084
836,2024-02-04 19:00:00,1.05572809000084
837,2024-02-04 20:00:00,1.05572809000084
838,2024-02-04 21:00:00,1.05572809000084
839,2024-02-04 22:00:00,1.05572809000084
840,2024-02-04 23:00:00,1.05572809000084
841,2024-02-05 00:00:00,1.05572809000084
842,2024-02-05 01:00:00,1.05572809000084
843,2024-02-05 02:00:00,1.05572809000084
844,2024-02-05 03:00:00,1.05572809000084
845,2024-02-05 04:00:00,1.05572809000084
846,2024-02-05 05:00:00,1.05572809000084
847,2024-02-05 06:00:00,1.05572809000084
848,2024-02-05 07:00:00,1.05572809000084
849,2024-02-05 08:00:00,1.05572809000084
850,2024-02-05 09:00:00,1.05572809000084
851,2024-02-05 10:00:00,1.05572809000084
852,2024-02-05 11:00:00,1.05572809000084
853,2024-02-05 12:00:00,1.05572809000084
854,2024-02-05 13:00:00,1.05572809000084
855,2024-02-05 14:00:00,1.05572809000084
856,2024-02-05 15:00:00,1.05572809000084
857,2024-02-05 16:00:00,1.05572809000084
858,2024-02-05 17:00:00,1.05572809000084
859,2024-02-05 18:00:00,1.05572809000084
860,2024-02-05 19:00:00,1.05572809000084
861,2024-02-05 20:00:00,1.05572809000084
862,2024-02-05 21:00:00,1.05572809000084
863,2024-02-05 22:00:00,1.05572809000084
864,2024-02-05 23:00:00,1.05572809000084
865,2024-02-06 00:00:00,1.05572809000084
866,2024-02-06 01:00:00,1.05572809000084
867,2024-02-06 02:00:00,1.05572809000084
868,2024-02-06 03:00:00,1.05572809000084
869,2024-02-06 04:00:00,1.05572809000084
870,2024-02-06 05:00:00,1.05572809000084
871,2024-02-06 06:00:00,1.05572809000084
872,2024-02-06 07:00:00,1.05572809000084
873,2024-02-06 08:00:00,1.05572809000084
874,2024-02-06 09:00:00,1.05572809000084
875,2024-02-06 10:00:00,1.05572809000084
876,2024-02-06 11:00:00,1.05572809000084
877,2024-02-06 12:00:00,1.05572809000084
878,2024-02-06 13:00:00,1.05572809000084
879,2024-02-06 14:00:00,1.05572809000084
880,2024-02-06 15:00:00,1.05572809000084
881,2024-02-06 16:00:00,1.05572809000084
882,2024-02-06 17:00:00,1.05572809000084
883,2024-02-06 18:00:00,1.05572809000084
884,2024-02-06 19:00:00,1.05572809000084
885,2024-02-06 20:00:00,1.05572809000084
886,2024-02-06 21:00:00,1.05572809000084
887,2024-02-06 22:00:00,1.05572809000084
888,2024-02-06 23:00:00,1.05572809000084
889,2024-02-07 00:00:00,1.05572809000084
890,2024-02-07 01:00:00,1.05572809000084
891,2024-02-07 02:00:00,1.05572809000084
892,2024-02-07 03:00:00,1.05572809000084
893,2024-02-07 04:00:00,1.05572809000084
894,2024-02-07 05:00:00,1.05572809000084
895,2024-02-07 06:00:00,1.05572809000084
896,2024-02-07 07:00:00,1.05572809000084
897,2024-02-07 08:00:00,1.05572809000084
898,2024-02-07 09:00:00,1.05572809000084
899,2024-02-07 10:00:00,1.05572809000084
900,2024-02-07 11:00:00,1.05572809000084
901,2024-02-07 12:00:00,1.05572809000084
902,2024-02-07 13:00:00,1.05572809000084
903,2024-02-07 14:00:00,1.05572809000084
904,2024-02-07 15:00:00,1.05572809000084
905,2024-02-07 16:00:00,1.05572809000084
906,2024-02-07 17:00:00,1.05572809000084
907,2024-02-07 18:00:00,1.05572809000084
908,2024-02-07 19:00:00,1.05572809000084
909,2024-02-07 20:00:00,1.05572809000084
910,2024-02-07 21:00:00,1.05572809000084
911,2024-02-07 22:00:00,1.05572809000084
912,2024-02-07 23:00:00,1.05572809000084
913,2024-02-08 00:00:00,1.05572809000084
914,2024-02-08 01:00:00,1.05572809000084
915,2024-02-08 02:00:00,1.05572809000084
916,2024-02-08 03:00:00,1.05572809000084
917,2024-02-08 04:00:00,1.05572809000084
918,2024-02-08 05:00:00,1.05572809000084
919,2024-02-08 06:00:00,1.05572809000084
920,2024-02-08 07:00:00,1.05572809000084
921,2024-02-08 08:00:00,1.05572809000084
922,2024-02-08 09:00:00,1.05572809000084
923,2024-02-08 10:00:00,1.05572809000084
924,2024-02-08 11:00:00,1.05572809000084
925,2024-02-08 12:00:00,1.05572809000084
926,2024-02-08 13:00:00,1.05572809000084
927,2024-02-08 14:00:00,3.72677996249965
928,2024-02-08 15:00:00,10.0
929,2024-02-08 16:00:00,1.05572809000084
930,2024-02-08 17:00:00,1.05572809000084
931,2024-02-08 18:00:00,1.05572809000084
932,2024-02-08 19:00:00,1.05572809000084
933,2024-02-08 20:00:00,1.05572809000084
934,2024-02-08 21:00:00,1.05572809000084
935,2024-02-08 22:00:00,1.05572809000084
936,2024-02-08 23:00:00,1.05572809000084
937,2024-02-09 00:00:00,1.05572809000084
938,2024-02-09 01:00:00,1.05572809000084
939,2024-02-09 02:00:00,1.05572809000084
940,2024-02-09 03:00:00,1.05572809000084
941,2024-02-09 04:00:00,1.05572809000084
942,2024-02-09 05:00:00,1.05572809000084
943,2024-02-09 06:00:00,0.0
944,2024-02-09 07:00:00,0.0
945,2024-02-09 08:00:00,0.0
946,2024-02-09 09:00:00,1.05572809000084
947,2024-02-09 10:00:00,1.05572809000084
948,2024-02-09 11:00:00,1.05572809000084
949,2024-02-09 12:00:00,1.05572809000084
950,2024-02-09 13:00:00,1.05572809000084
951,2024-02-09 14:00:00,10.0
952,2024-02-09 15:00:00,10.0
953,2024-02-09 16:00:00,10.0
954,2024-02-09 17:00:00,1.05572809000084
955,2024-02-09 18:00:00,1.05572809000084
956,2024-02-09 19:00:00,1.05572809000084
957,2024-02-09 20:00:00,1.05572809000084
958,2024-02-09 21:00:00,1.05572809000084
959,2024-02-09 22:00:00,1.05572809000084
960,2024-02-09 23:00:00,1.05572809000084
961,2024-02-10 00:00:00,1.05572809000084
962,2024-02-10 01:00:00,1.05572809000084
963,2024-02-10 02:00:00,1.05572809000084
964,2024-02-10 03:00:00,1.05572809000084
965,2024-02-10 04:00:00,1.05572809000084
966,2024-02-10 05:00:00,1.05572809000084
967,2024-02-10 06:00:00,0.0
968,2024-02-10 07:00:00,0.0
969,2024-02-10 08:00:00,0.0
970,2024-02-10 09:00:00,1.05572809000084
971,2024-02-10 10:00:00,1.05572809000084
972,2024-02-10 11:00:00,1.05572809000084
973,2024-02-10 12:00:00,1.05572809000084
974,2024-02-10 13:00:00,1.05572809000084
975,2024-02-10 14:00:00,3.72677996249965
976,2024-02-10 15:00:00,10.0
977,2024-02-10 16:00:00,10.0
978,2024-02-10 17:00:00,1.05572809000084
979,2024-02-10 18:00:00,1.05572809000084
980,2024-02-10 19:00:00,1.05572809000084
981,2024-02-10 20:00:00,1.05572809000084
982,2024-02-10 21:00:00,1.05572809000084
983,2024-02-10 22:00:00,1.05572809000084
984,2024-02-10 23:00:00,1.05572809000084
985,2024-02-11 00:00:00,1.05572809000084
986,2024-02-11 01:00:00,1.05572809000084
987,2024-02-11 02:00:00,1.05572809000084
988,2024-02-11 03:00:00,1.05572809000084
989,2024-02-11 04:00:00,1.05572809000084
990,2024-02-11 05:00:00,1.05572809000084
991,2024-02-11 06:00:00,0.0
992,2024-02-11 07:00:00,0.0
993,2024-02-11 08:00:00,0.0
994,2024-02-11 09:00:00,1.05572809000084
995,2024-02-11 10:00:00,1.05572809000084
996,2024-02-11 11:00:00,1.05572809000084
997,2024-02-11 12:00:00,1.05572809000084
998,2024-02-11 13:00:00,1.05572809000084
999,2024-02-11 14:00:00,3.72677996249965
1000,2024-02-11 15:00:00,10.0
1001,2024-02-11 16:00:00,1.05572809000084
1002,2024-02-11 17:00:00,1.05572809000084
1003,2024-02-11 18:00:00,1.05572809000084
1004,2024-02-11 19:00:00,1.05572809000084
1005,2024-02-11 20:00:00,1.05572809000084
1006,2024-02-11 21:00:00,1.05572809000084
1007,2024-02-11 22:00:00,1.05572809000084
1008,2024-02-11 23:00:00,1.05572809000084
1009,2024-02-12 00:00:00,1.05572809000084
1010,2024-02-12 01:00:00,1.05572809000084
1011,2024-02-12 02:00:00,1.05572809000084
1012,2024-02-12 03:00:00,1.05572809000084
1013,2024-02-12 04:00:00,1.05572809000084
1014,2024-02-12 05:00:00,1.05572809000084
1015,2024-02-12 06:00:00,0.0
1016,2024-02-12 07:00:00,0.0
1017,2024-02-12 08:00:00,0.0
1018,2024-02-12 09:00:00,1.05572809000084
1019,2024-02-12 10:00:00,1.05572809000084
1020,2024-02-12 11:00:00,1.05572809000084
1021,2024-02-12 12:00:00,1.05572809000084
1022,2024-02-12 13:00:00,1.05572809000084
1023,2024-02-12 14:00:00,10.0
1024,2024-02-12 15:00:00,10.0
1025,2024-02-12 16:00:00,10.0
1026,2024-02-12 17:00:00,1.05572809000084
1027,2024-02-12 18:00:00,1.05572809000084
1028,2024-02-12 19:00:00,1.05572809000084
1029,2024-02-12 20:00:00,1.05572809000084
1030,2024-02-12 21:00:00,1.05572809000084
1031,2024-02-12 22:00:00,1.05572809000084
1032,2024-02-12 23:00:00,1.05572809000084
1033,2024-02-13 00:00:00,1.05572809000084
1034,2024-02-13 01:00:00,1.05572809000084
1035,2024-02-13 02:00:00,1.05572809000084
1036,2024-02-13 03:00:00,1.05572809000084
1037,2024-02-13 04:00:00,1.05572809000084
1038,2024-02-13 05:00:00,1.05572809000084
1039,2024-02-13 06:00:00,0.0
1040,2024-02-13 07:00:00,0.0
1041,2024-02-13 08:00:00,0.0
1042,2024-02-13 09:00:00,1.05572809000084
1043,2024-02-13 10:00:00,1.05572809000084
1044,2024-02-13 11:00:00,1.05572809000084
1045,2024-02-13 12:00:00,1.05572809000084
1046,2024-02-13 13:00:00,1.05572809000084
1047,2024-02-13 14:00:00,10.0
1048,2024-02-13 15:00:00,10.0
1049,2024-02-13 16:00:00,10.0
1050,2024-02-13 17:00:00,3.72677996249965
1051,2024-02-13 18:00:00,3.72677996249965
1052,2024-02-13 19:00:00,3.72677996249965
1053,2024-02-13 20:00:00,1.05572809000084
1054,2024-02-13 21:00:00,1.05572809000084
1055,2024-02-13 22:00:00,1.05572809000084
1056,2024-02-13 23:00:00,1.05572809000084
1057,2024-02-14 00:00:00,1.05572809000084
1058,2024-02-14 01:00:00,1.05572809000084
1059,2024-02-14 02:00:00,1.05572809000084
1060,2024-02-14 03:00:00,1.05572809000084
1061,2024-02-14 04:00:00,1.05572809000084
1062,2024-02-14 05:00:00,1.05572809000084
1063,2024-02-14 06:00:00,1.05572809000084
1064,2024-02-14 07:00:00,0.0
1065,2024-02-14 08:00:00,0.0
1066,2024-02-14 09:00:00,1.05572809000084
1067,2024-02-14 10:00:00,1.05572809000084
1068,2024-02-14 11:00:00,1.05572809000084
1069,2024-02-14 12:00:00,1.05572809000084
1070,2024-02-14 13:00:00,1.05572809000084
1071,2024-02-14 14:00:00,10.0
1072,2024-02-14 15:00:00,10.0
1073,2024-02-14 16:00:00,10.0
1074,2024-02-14 17:00:00,3.72677996249965
1075,2024-02-14 18:00:00,3.72677996249965
1076,2024-02-14 19:00:00,3.72677996249965
1077,2024-02-14 20:00:00,1.05572809000084
1078,2024-02-14 21:00:00,1.05572809000084
1079,2024-02-14 22:00:00,1.05572809000084
1080,2024-02-14 23:00:00,1.05572809000084
1081,2024-02-15 00:00:00,1.05572809000084
1082,2024-02-15 01:00:00,1.05572809000084
1083,2024-02-15 02:00:00,1.05572809000084
1084,2024-02-15 03:00:00,1.05572809000084
1085,2024-02-15 04:00:00,1.05572809000084
1086,2024-02-15 05:00:00,1.05572809000084
1087,2024-02-15 06:00:00,0.0
1088,2024-02-15 07:00:00,0.0
1089,2024-02-15 08:00:00,0.0
1090,2024-02-15 09:00:00,1.05572809000084
1091,2024-02-15 10:00:00,1.05572809000084
1092,2024-02-15 11:00:00,1.05572809000084
1093,2024-02-15 12:00:00,1.05572809000084
1094,2024-02-15 13:00:00,1.05572809000084
1095,2024-02-15 14:00:00,10.0
1096,2024-02-15 15:00:00,10.0
1097,2024-02-15 16:00:00,10.0
1098,2024-02-15 17:00:00,1.05572809000084
1099,2024-02-15 18:00:00,1.05572809000084
1100,2024-02-15 19:00:00,1.05572809000084
1101,2024-02-15 20:00:00,1.05572809000084
1102,2024-02-15 21:00:00,1.05572809000084
1103,2024-02-15 22:00:00,1.05572809000084
1104,2024-02-15 23:00:00,1.05572809000084
1105,2024-02-16 00:00:00,1.05572809000084
1106,2024-02-16 01:00:00,1.05572809000084
1107,2024-02-16 02:00:00,1.05572809000084
1108,2024-02-16 03:00:00,1.05572809000084
1109,2024-02-16 04:00:00,1.05572809000084
1110,2024-02-16 05:00:00,1.05572809000084
1111,2024-02-16 06:00:00,0.0
1112,2024-02-16 07:00:00,0.0
1113,2024-02-16 08:00:00,0.0
1114,2024-02-16 09:00:00,1.05572809000084
1115,2024-02-16 10:00:00,1.05572809000084
1116,2024-02-16 11:00:00,1.05572809000084
1117,2024-02-16 12:00:00,1.05572809000084
1118,2024-02-16 13:00:00,1.05572809000084
1119,2024-02-16 14:00:00,10.0
1120,2024-02-16 15:00:00,10.0
1121,2024-02-16 16:00:00,10.0
1122,2024-02-16 17:00:00,1.05572809000084
1123,2024-02-16 18:00:00,1.05572809000084
1124,2024-02-16 19:00:00,1.05572809000084
1125,2024-02-16 20:00:00,1.05572809000084
1126,2024-02-16 21:00:00,1.05572809000084
1127,2024-02-16 22:00:00,1.05572809000084
1128,2024-02-16 23:00:00,1.05572809000084
1129,2024-02-17 00:00:00,1.05572809000084
1130,2024-02-17 01:00:00,1.05572809000084
1131,2024-02-17 02:00:00,1.05572809000084
1132,2024-02-17 03:00:00,1.05572809000084
1133,2024-02-17 04:00:00,1.05572809000084
1134,2024-02-17 05:00:00,1.05572809000084
1135,2024-02-17 06:00:00,0.0
1136,2024-02-17 07:00:00,0.0
1137,2024-02-17 08:00:00,0.0
1138,2024-02-17 09:00:00,1.05572809000084
1139,2024-02-17 10:00:00,1.05572809000084
1140,2024-02-17 11:00:00,1.05572809000084
1141,2024-02-17 12:00:00,1.05572809000084
1142,2024-02-17 13:00:00,1.05572809000084
1143,2024-02-17 14:00:00,10.0
1144,2024-02-17 15:00:00,10.0
1145,2024-02-17 16:00:00,1.05572809000084
1146,2024-02-17 17:00:00,1.05572809000084
1147,2024-02-17 18:00:00,1.05572809000084
1148,2024-02-17 19:00:00,1.05572809000084
1149,2024-02-17 20:00:00,1.05572809000084
1150,2024-02-17 21:00:00,1.05572809000084
1151,2024-02-17 22:00:00,1.05572809000084
1152,2024-02-17 23:00:00,1.05572809000084
1153,2024-02-18 00:00:00,1.05572809000084
1154,2024-02-18 01:00:00,1.05572809000084
1155,2024-02-18 02:00:00,1.05572809000084
1156,2024-02-18 03:00:00,1.05572809000084
1157,2024-02-18 04:00:00,1.05572809000084
1158,2024-02-18 05:00:00,1.05572809000084
1159,2024-02-18 06:00:00,0.0
1160,2024-02-18 07:00:00,0.0
1161,2024-02-18 08:00:00,0.0
1162,2024-02-18 09:00:00,1.05572809000084
1163,2024-02-18 10:00:00,1.05572809000084
1164,2024-02-18 11:00:00,1.05572809000084
1165,2024-02-18 12:00:00,1.05572809000084
1166,2024-02-18 13:00:00,1.05572809000084
1167,2024-02-18 14:00:00,10.0
1168,2024-02-18 15:00:00,10.0
1169,2024-02-18 16:00:00,10.0
1170,2024-02-18 17:00:00,1.05572809000084
1171,2024-02-18 18:00:00,1.05572809000084
1172,2024-02-18 19:00:00,1.05572809000084
1173,2024-02-18 20:00:00,1.05572809000084
1174,2024-02-18 21:00:00,1.05572809000084
1175,2024-02-18 22:00:00,1.05572809000084
1176,2024-02-18 23:00:00,1.05572809000084
1177,2024-02-19 00:00:00,1.05572809000084
1178,2024-02-19 01:00:00,1.05572809000084
1179,2024-02-19 02:00:00,1.05572809000084
1180,2024-02-19 03:00:00,1.05572809000084
1181,2024-02-19 04:00:00,1.05572809000084
1182,2024-02-19 05:00:00,1.05572809000084
1183,2024-02-19 06:00:00,1.05572809000084
1184,2024-02-19 07:00:00,1.05572809000084
1185,2024-02-19 08:00:00,1.05572809000084
1186,2024-02-19 09:00:00,1.05572809000084
1187,2024-02-19 10:00:00,1.05572809000084
1188,2024-02-19 11:00:00,1.05572809000084
1189,2024-02-19 12:00:00,1.05572809000084
1190,2024-02-19 13:00:00,1.05572809000084
1191,2024-02-19 14:00:00,1.05572809000084
1192,2024-02-19 15:00:00,1.05572809000084
1193,2024-02-19 16:00:00,1.05572809000084
1194,2024-02-19 17:00:00,1.05572809000084
1195,2024-02-19 18:00:00,1.05572809000084
1196,2024-02-19 19:00:00,1.05572809000084
1197,2024-02-19 20:00:00,1.05572809000084
1198,2024-02-19 21:00:00,1.05572809000084
1199,2024-02-19 22:00:00,1.05572809000084
1200,2024-02-19 23:00:00,1.05572809000084
1201,2024-02-20 00:00:00,1.05572809000084
1202,2024-02-20 01:00:00,1.05572809000084
1203,2024-02-20 02:00:00,1.05572809000084
1204,2024-02-20 03:00:00,1.05572809000084
1205,2024-02-20 04:00:00,1.05572809000084
1206,2024-02-20 05:00:00,1.05572809000084
1207,2024-02-20 06:00:00,1.05572809000084
1208,2024-02-20 07:00:00,1.05572809000084
1209,2024-02-20 08:00:00,1.05572809000084
1210,2024-02-20 09:00:00,1.05572809000084
1211,2024-02-20 10:00:00,1.05572809000084
1212,2024-02-20 11:00:00,1.05572809000084
1213,2024-02-20 12:00:00,1.05572809000084
1214,2024-02-20 13:00:00,1.05572809000084
1215,2024-02-20 14:00:00,1.05572809000084
1216,2024-02-20 15:00:00,1.05572809000084
1217,2024-02-20 16:00:00,1.05572809000084
1218,2024-02-20 17:00:00,1.05572809000084
1219,2024-02-20 18:00:00,1.05572809000084
1220,2024-02-20 19:00:00,1.05572809000084
1221,2024-02-20 20:00:00,1.05572809000084
1222,2024-02-20 21:00:00,1.05572809000084
1223,2024-02-20 22:00:00,1.05572809000084
1224,2024-02-20 23:00:00,1.05572809000084
1225,2024-02-21 00:00:00,1.05572809000084
1226,2024-02-21 01:00:00,1.05572809000084
1227,2024-02-21 02:00:00,1.05572809000084
1228,2024-02-21 03:00:00,1.05572809000084
1229,2024-02-21 04:00:00,1.05572809000084
1230,2024-02-21 05:00:00,1.05572809000084
1231,2024-02-21 06:00:00,1.05572809000084
1232,2024-02-21 07:00:00,0.0
1233,2024-02-21 08:00:00,0.0
1234,2024-02-21 09:00:00,1.05572809000084
1235,2024-02-21 10:00:00,1.05572809000084
1236,2024-02-21 11:00:00,1.05572809000084
1237,2024-02-21 12:00:00,1.05572809000084
1238,2024-02-21 13:00:00,1.05572809000084
1239,2024-02-21 14:00:00,5.59016994374947
1240,2024-02-21 15:00:00,10.0
1241,2024-02-21 16:00:00,3.72677996249965
1242,2024-02-21 17:00:00,3.72677996249965
1243,2024-02-21 18:00:00,3.72677996249965
1244,2024-02-21 19:00:00,3.72677996249965
1245,2024-02-21 20:00:00,1.05572809000084
1246,2024-02-21 21:00:00,1.05572809000084
1247,2024-02-21 22:00:00,1.05572809000084
1248,2024-02-21 23:00:00,1.05572809000084
1249,2024-02-22 00:00:00,1.05572809000084
1250,2024-02-22 01:00:00,1.05572809000084
1251,2024-02-22 02:00:00,1.05572809000084
1252,2024-02-22 03:00:00,1.05572809000084
1253,2024-02-22 04:00:00,1.05572809000084
1254,2024-02-22 05:00:00,1.05572809000084
1255,2024-02-22 06:00:00,1.05572809000084
1256,2024-02-22 07:00:00,1.05572809000084
1257,2024-02-22 08:00:00,1.05572809000084
1258,2024-02-22 09:00:00,1.05572809000084
1259,2024-02-22 10:00:00,1.05572809000084
1260,2024-02-22 11:00:00,1.05572809000084
1261,2024-02-22 12:00:00,1.05572809000084
1262,2024-02-22 13:00:00,1.05572809000084
1263,2024-02-22 14:00:00,10.0
1264,2024-02-22 15:00:00,10.0
1265,2024-02-22 16:00:00,10.0
1266,2024-02-22 17:00:00,1.18033988749895
1267,2024-02-22 18:00:00,1.18033988749895
1268,2024-02-22 19:00:00,1.18033988749895
1269,2024-02-22 20:00:00,1.18033988749895
1270,2024-02-22 21:00:00,1.05572809000084
1271,2024-02-22 22:00:00,1.05572809000084
1272,2024-02-22 23:00:00,1.05572809000084
1273,2024-02-23 00:00:00,1.05572809000084
1274,2024-02-23 01:00:00,1.05572809000084
1275,2024-02-23 02:00:00,1.05572809000084
1276,2024-02-23 03:00:00,3.72677996249965
1277,2024-02-23 04:00:00,3.72677996249965
1278,2024-02-23 05:00:00,3.72677996249965
1279,2024-02-23 06:00:00,3.72677996249965
1280,2024-02-23 07:00:00,1.05572809000084
1281,2024-02-23 08:00:00,1.05572809000084
1282,2024-02-23 09:00:00,1.05572809000084
1283,2024-02-23 10:00:00,1.05572809000084
1284,2024-02-23 11:00:00,1.05572809000084
1285,2024-02-23 12:00:00,1.05572809000084
1286,2024-02-23 13:00:00,1.05572809000084
1287,2024-02-23 14:00:00,10.0
1288,2024-02-23 15:00:00,10.0
1289,2024-02-23 16:00:00,10.0
1290,2024-02-23 17:00:00,1.05572809000084
1291,2024-02-23 18:00:00,1.05572809000084
1292,2024-02-23 19:00:00,1.05572809000084
1293,2024-02-23 20:00:00,1.05572809000084
1294,2024-02-23 21:00:00,1.05572809000084
1295,2024-02-23 22:00:00,1.05572809000084
1296,2024-02-23 23:00:00,1.05572809000084
1297,2024-02-24 00:00:00,1.05572809000084
1298,2024-02-24 01:00:00,1.05572809000084
1299,2024-02-24 02:00:00,1.05572809000084
1300,2024-02-24 03:00:00,1.05572809000084
1301,2024-02-24 04:00:00,1.05572809000084
1302,2024-02-24 05:00:00,1.05572809000084
1303,2024-02-24 06:00:00,1.05572809000084
1304,2024-02-24 07:00:00,1.05572809000084
1305,2024-02-24 08:00:00,1.05572809000084
1306,2024-02-24 09:00:00,1.05572809000084
1307,2024-02-24 10:00:00,1.05572809000084
1308,2024-02-24 11:00:00,1.05572809000084
1309,2024-02-24 12:00:00,1.05572809000084
1310,2024-02-24 13:00:00,1.05572809000084
1311,2024-02-24 14:00:00,1.05572809000084
1312,2024-02-24 15:00:00,10.0
1313,2024-02-24 16:00:00,1.18033988749895
1314,2024-02-24 17:00:00,1.05572809000084
1315,2024-02-24 18:00:00,1.05572809000084
1316,2024-02-24 19:00:00,1.05572809000084
1317,2024-02-24 20:00:00,1.05572809000084
1318,2024-02-24 21:00:00,1.05572809000084
1319,2024-02-24 22:00:00,1.05572809000084
1320,2024-02-24 23:00:00,1.05572809000084
1321,2024-02-25 00:00:00,1.05572809000084
1322,2024-02-25 01:00:00,1.05572809000084
1323,2024-02-25 02:00:00,1.05572809000084
1324,2024-02-25 03:00:00,1.05572809000084
1325,2024-02-25 04:00:00,1.05572809000084
1326,2024-02-25 05:00:00,1.05572809000084
1327,2024-02-25 06:00:00,1.05572809000084
1328,2024-02-25 07:00:00,1.05572809000084
1329,2024-02-25 08:00:00,1.05572809000084
1330,2024-02-25 09:00:00,1.05572809000084
1331,2024-02-25 10:00:00,1.05572809000084
1332,2024-02-25 11:00:00,1.05572809000084
1333,2024-02-25 12:00:00,1.05572809000084
1334,2024-02-25 13:00:00,1.05572809000084
1335,2024-02-25 14:00:00,1.05572809000084
1336,2024-02-25 15:00:00,10.0
1337,2024-02-25 16:00:00,1.05572809000084
1338,2024-02-25 17:00:00,1.05572809000084
1339,2024-02-25 18:00:00,1.05572809000084
1340,2024-02-25 19:00:00,1.05572809000084
1341,2024-02-25 20:00:00,1.05572809000084
1342,2024-02-25 21:00:00,1.05572809000084
1343,2024-02-25 22:00:00,1.05572809000084
1344,2024-02-25 23:00:00,1.05572809000084
1345,2024-02-26 00:00:00,1.05572809000084
1346,2024-02-26 01:00:00,1.05572809000084
1347,2024-02-26 02:00:00,1.05572809000084
1348,2024-02-26 03:00:00,1.05572809000084
1349,2024-02-26 04:00:00,1.05572809000084
1350,2024-02-26 05:00:00,1.05572809000084
1351,2024-02-26 06:00:00,1.05572809000084
1352,2024-02-26 07:00:00,1.05572809000084
1353,2024-02-26 08:00:00,1.05572809000084
1354,2024-02-26 09:00:00,1.05572809000084
1355,2024-02-26 10:00:00,1.05572809000084
1356,2024-02-26 11:00:00,1.05572809000084
1357,2024-02-26 12:00:00,1.05572809000084
1358,2024-02-26 13:00:00,1.05572809000084
1359,2024-02-26 14:00:00,1.05572809000084
1360,2024-02-26 15:00:00,1.05572809000084
1361,2024-02-26 16:00:00,1.05572809000084
1362,2024-02-26 17:00:00,1.05572809000084
1363,2024-02-26 18:00:00,1.05572809000084
1364,2024-02-26 19:00:00,1.05572809000084
1365,2024-02-26 20:00:00,1.05572809000084
1366,2024-02-26 21:00:00,1.05572809000084
1367,2024-02-26 22:00:00,1.05572809000084
1368,2024-02-26 23:00:00,1.05572809000084
1369,2024-02-27 00:00:00,1.05572809000084
1370,2024-02-27 01:00:00,1.05572809000084
1371,2024-02-27 02:00:00,1.05572809000084
1372,2024-02-27 03:00:00,1.05572809000084
1373,2024-02-27 04:00:00,1.05572809000084
1374,2024-02-27 05:00:00,1.05572809000084
1375,2024-02-27 06:00:00,0.0
1376,2024-02-27 07:00:00,0.0
1377,2024-02-27 08:00:00,0.0
1378,2024-02-27 09:00:00,1.05572809000084
1379,2024-02-27 10:00:00,1.05572809000084
1380,2024-02-27 11:00:00,1.05572809000084
1381,2024-02-27 12:00:00,1.05572809000084
1382,2024-02-27 13:00:00,1.05572809000084
1383,2024-02-27 14:00:00,1.05572809000084
1384,2024-02-27 15:00:00,10.0
1385,2024-02-27 16:00:00,10.0
1386,2024-02-27 17:00:00,5.59016994374947
1387,2024-02-27 18:00:00,5.59016994374947
1388,2024-02-27 19:00:00,5.59016994374947
1389,2024-02-27 20:00:00,1.05572809000084
1390,2024-02-27 21:00:00,1.05572809000084
1391,2024-02-27 22:00:00,1.05572809000084
1392,2024-02-27 23:00:00,1.05572809000084
1393,2024-02-28 00:00:00,1.05572809000084
1394,2024-02-28 01:00:00,1.05572809000084
1395,2024-02-28 02:00:00,1.05572809000084
1396,2024-02-28 03:00:00,1.05572809000084
1397,2024-02-28 04:00:00,1.05572809000084
1398,2024-02-28 05:00:00,1.05572809000084
1399,2024-02-28 06:00:00,0.0
1400,2024-02-28 07:00:00,0.0
1401,2024-02-28 08:00:00,0.0
1402,2024-02-28 09:00:00,1.05572809000084
1403,2024-02-28 10:00:00,1.05572809000084
1404,2024-02-28 11:00:00,1.05572809000084
1405,2024-02-28 12:00:00,1.05572809000084
1406,2024-02-28 13:00:00,1.05572809000084
1407,2024-02-28 14:00:00,10.0
1408,2024-02-28 15:00:00,10.0
1409,2024-02-28 16:00:00,10.0
1410,2024-02-28 17:00:00,3.72677996249965
1411,2024-02-28 18:00:00,3.72677996249965
1412,2024-02-28 19:00:00,3.72677996249965
1413,2024-02-28 20:00:00,1.05572809000084
1414,2024-02-28 21:00:00,1.05572809000084
1415,2024-02-28 22:00:00,1.05572809000084
1416,2024-02-28 23:00:00,1.05572809000084
1417,2024-02-29 00:00:00,1.05572809000084
1418,2024-02-29 01:00:00,1.05572809000084
1419,2024-02-29 02:00:00,1.05572809000084
1420,2024-02-29 03:00:00,1.05572809000084
1421,2024-02-29 04:00:00,1.05572809000084
1422,2024-02-29 05:00:00,1.05572809000084
1423,2024-02-29 06:00:00,0.0
1424,2024-02-29 07:00:00,0.0
1425,2024-02-29 08:00:00,0.0
1426,2024-02-29 09:00:00,1.05572809000084
1427,2024-02-29 10:00:00,1.05572809000084
1428,2024-02-29 11:00:00,1.05572809000084
1429,2024-02-29 12:00:00,1.05572809000084
1430,2024-02-29 13:00:00,3.72677996249965
1431,2024-02-29 14:00:00,10.0
1432,2024-02-29 15:00:00,10.0
1433,2024-02-29 16:00:00,10.0
1434,2024-02-29 17:00:00,1.05572809000084
1435,2024-02-29 18:00:00,1.05572809000084
1436,2024-02-29 19:00:00,1.05572809000084
1437,2024-02-29 20:00:00,1.05572809000084
1438,2024-02-29 21:00:00,0.0
1439,2024-02-29 22:00:00,0.0
1440,2024-02-29 23:00:00,0.0
